{
 "experiment": "RG_permutation_null",
 "bundle": "results/merging/Llama-3.2-1B_L12_RG",
 "n_perm": 2000,
 "thresholds": {
  "rho_min": 0.3,
  "partial_min": 0.15,
  "neg_logit": 0.1,
  "neg_argmax": 0.05,
  "sat_argmax": 0.8
 },
 "gate_rule": ">=2 qualifying g in >=2 seeds; qualify = non-negligible & !saturated & c2 & partial>=partial_min",
 "gate_false_positive_rate": 0.0,
 "gate_hits": 0,
 "cells": {
  "g2_s0": {
   "obs_partial": 0.4876057851685508,
   "obs_rho_cos": 0.5363189079726994,
   "non_negligible": true,
   "saturated": false,
   "perm_p_one_sided": 0.0004997501249375312
  },
  "g3_s0": {
   "obs_partial": 0.41745102954113505,
   "obs_rho_cos": 0.43334577826836074,
   "non_negligible": true,
   "saturated": false,
   "perm_p_one_sided": 0.0004997501249375312
  },
  "g5_s0": {
   "obs_partial": 0.31569988953425404,
   "obs_rho_cos": 0.31649741243531093,
   "non_negligible": true,
   "saturated": false,
   "perm_p_one_sided": 0.0004997501249375312
  },
  "g10_s0": {
   "obs_partial": 0.09571189390133121,
   "obs_rho_cos": 0.08803570089252231,
   "non_negligible": true,
   "saturated": false,
   "perm_p_one_sided": 0.0944527736131934
  },
  "g20_s0": {
   "obs_partial": 0.017296227642771448,
   "obs_rho_cos": -0.003919597989949749,
   "non_negligible": true,
   "saturated": true,
   "perm_p_one_sided": 0.41529235382308843
  },
  "g2_s1": {
   "obs_partial": 0.44429954990277326,
   "obs_rho_cos": 0.49312682817070436,
   "non_negligible": true,
   "saturated": false,
   "perm_p_one_sided": 0.0004997501249375312
  },
  "g3_s1": {
   "obs_partial": 0.478898728678637,
   "obs_rho_cos": 0.514111087664132,
   "non_negligible": true,
   "saturated": false,
   "perm_p_one_sided": 0.0004997501249375312
  },
  "g5_s1": {
   "obs_partial": 0.30478564670465436,
   "obs_rho_cos": 0.3003060076501913,
   "non_negligible": true,
   "saturated": false,
   "perm_p_one_sided": 0.0004997501249375312
  },
  "g10_s1": {
   "obs_partial": 0.17358532583442804,
   "obs_rho_cos": 0.15876696917422936,
   "non_negligible": true,
   "saturated": false,
   "perm_p_one_sided": 0.0079960019990005
  },
  "g20_s1": {
   "obs_partial": 0.057833011390361906,
   "obs_rho_cos": 0.05279231980799521,
   "non_negligible": true,
   "saturated": true,
   "perm_p_one_sided": 0.19790104947526238
  },
  "g2_s2": {
   "obs_partial": 0.4759211660526929,
   "obs_rho_cos": 0.509844746118653,
   "non_negligible": true,
   "saturated": false,
   "perm_p_one_sided": 0.0004997501249375312
  },
  "g3_s2": {
   "obs_partial": 0.5571491644870853,
   "obs_rho_cos": 0.5592560556976546,
   "non_negligible": true,
   "saturated": false,
   "perm_p_one_sided": 0.0004997501249375312
  },
  "g5_s2": {
   "obs_partial": 0.3401833744136684,
   "obs_rho_cos": 0.3405580139503488,
   "non_negligible": true,
   "saturated": false,
   "perm_p_one_sided": 0.0004997501249375312
  },
  "g10_s2": {
   "obs_partial": 0.17931058311175596,
   "obs_rho_cos": 0.1764659116477912,
   "non_negligible": true,
   "saturated": false,
   "perm_p_one_sided": 0.006496751624187906
  },
  "g20_s2": {
   "obs_partial": -0.039361180921490165,
   "obs_rho_cos": -0.014013350333758345,
   "non_negligible": true,
   "saturated": true,
   "perm_p_one_sided": 0.712143928035982
  }
 }
}