{
 "Llama-3.1-8B_L24_RG": 0.9983333333333334,
 "Llama-3.2-1B_L12_RG": 0.9916666666666666,
 "Llama-3.2-1B_L14_RG": 0.9333333333333335,
 "Llama-3.2-1B_L8_RG": 0.9883333333333333,
 "Llama-3.2-3B_L21_RG": 1.0,
 "Mistral-7B-v0.3_L24_RG": 0.9566666666666667,
 "Mistral-Nemo-Base-2407_L30_RG": 0.985,
 "Phi-3.5-mini_L16_RG": 0.9933333333333333,
 "Phi-3.5-mini_L24_RG": 0.45999999999999996,
 "Qwen2.5-1.5B_L14_RG": 0.9900000000000001,
 "Qwen2.5-1.5B_L21_RG": 0.45166666666666666,
 "Qwen2.5-1.5B_L24_RG": 0.04833333333333334,
 "Qwen2.5-14B_L36_RG": 0.3666666666666667,
 "Qwen2.5-3B_L18_RG": 0.9883333333333333,
 "Qwen2.5-3B_L27_RG": 0.8316666666666667,
 "Qwen2.5-7B_L21_RG": 0.8033333333333333,
 "gemma-2-2b_L13_RG": 0.915,
 "gemma-2-2b_L19_RG": 0.9766666666666666,
 "gemma-2-9b_L31_RG": 0.955,
 "gpt-neox-20b_L33_RG": 0.008333333333333333,
 "gpt2-xl_L24_RG": 0.49666666666666665,
 "gpt2-xl_L36_RG": 0.024999999999999998
}