{
 "Phi-3.5-mini_L24_RG": {
  "rho_dose_drop_g2": -0.26394533434835044,
  "p": 2.578878975334974e-10,
  "n": 556
 },
 "Qwen2.5-1.5B_L21_RG": {
  "rho_dose_drop_g2": -0.2561411297388866,
  "p": 1.4406765498923951e-08,
  "n": 476
 },
 "Qwen2.5-1.5B_L24_RG": {
  "rho_dose_drop_g2": -0.20871873770959332,
  "p": 2.8326574682801553e-05,
  "n": 396
 },
 "Qwen2.5-14B_L36_RG": {
  "rho_dose_drop_g2": -0.5661927880066824,
  "p": 6.090236464535393e-48,
  "n": 550
 },
 "Qwen2.5-3B_L27_RG": {
  "rho_dose_drop_g2": -0.12887975921329967,
  "p": 0.0018031650857032796,
  "n": 584
 },
 "Qwen2.5-7B_L21_RG": {
  "rho_dose_drop_g2": -0.06096861519070219,
  "p": 0.1496136050832843,
  "n": 560
 },
 "gpt-neox-20b_L33_RG": {
  "rho_dose_drop_g2": 0.031770341713394934,
  "p": 0.48021793060358364,
  "n": 496
 },
 "gpt2-xl_L24_RG": {
  "rho_dose_drop_g2": -0.35228235898382104,
  "p": 1.0689574700952384e-16,
  "n": 522
 },
 "gpt2-xl_L36_RG": {
  "rho_dose_drop_g2": -0.3914888041252189,
  "p": 2.0242535470532462e-17,
  "n": 436
 },
 "Llama-3.1-8B_L24_RG": {
  "rho_dose_drop_g2": 0.3736440934558151,
  "p": 2.573489489215238e-21,
  "n": 600
 },
 "Llama-3.2-1B_L12_RG": {
  "rho_dose_drop_g2": 0.41911217738060136,
  "p": 8.322561507992786e-25,
  "n": 550
 },
 "Llama-3.2-1B_L14_RG": {
  "rho_dose_drop_g2": 0.27569559218551914,
  "p": 5.822629256535293e-10,
  "n": 488
 },
 "Llama-3.2-1B_L8_RG": {
  "rho_dose_drop_g2": 0.22307851143635046,
  "p": 9.300228424995027e-07,
  "n": 474
 },
 "Llama-3.2-3B_L21_RG": {
  "rho_dose_drop_g2": 0.570376884281823,
  "p": 6.695095191595259e-53,
  "n": 598
 },
 "Mistral-7B-v0.3_L24_RG": {
  "rho_dose_drop_g2": 0.32732337961720526,
  "p": 6.692021764430019e-15,
  "n": 538
 },
 "Mistral-Nemo-Base-2407_L30_RG": {
  "rho_dose_drop_g2": -0.05023325493516941,
  "p": 0.22152477025066947,
  "n": 594
 },
 "Phi-3.5-mini_L16_RG": {
  "rho_dose_drop_g2": 0.13465384442831013,
  "p": 0.000963457721499417,
  "n": 598
 },
 "Qwen2.5-1.5B_L14_RG": {
  "rho_dose_drop_g2": 0.19987712822333306,
  "p": 2.117708242345274e-06,
  "n": 554
 },
 "Qwen2.5-3B_L18_RG": {
  "rho_dose_drop_g2": 0.12696885471161884,
  "p": 0.0035992842674680784,
  "n": 524
 },
 "gemma-2-2b_L13_RG": {
  "rho_dose_drop_g2": 0.040746100396851614,
  "p": 0.3681077002617646,
  "n": 490
 },
 "gemma-2-2b_L19_RG": {
  "rho_dose_drop_g2": 0.07630144493487127,
  "p": 0.0687091540779554,
  "n": 570
 },
 "gemma-2-9b_L31_RG": {
  "rho_dose_drop_g2": 0.18733907814360817,
  "p": 4.618233825227701e-06,
  "n": 590
 }
}