{
 "Phi-3.5-mini_L24_RG": {
  "rho_dose_drop_g2": -0.26394533434835044,
  "p": 2.578878975334974e-10,
  "n": 556
 },
 "Qwen2.5-1.5B_L21_RG": {
  "rho_dose_drop_g2": -0.2561411297388866,
  "p": 1.4406765498923951e-08,
  "n": 476
 },
 "Qwen2.5-1.5B_L24_RG": {
  "rho_dose_drop_g2": -0.20871873770959332,
  "p": 2.8326574682801553e-05,
  "n": 396
 },
 "Qwen2.5-14B_L36_RG": {
  "rho_dose_drop_g2": -0.5661927880066824,
  "p": 6.090236464535393e-48,
  "n": 550
 },
 "Qwen2.5-3B_L27_RG": {
  "rho_dose_drop_g2": -0.12887975921329967,
  "p": 0.0018031650857032796,
  "n": 584
 },
 "Qwen2.5-7B_L21_RG": {
  "rho_dose_drop_g2": -0.06096861519070219,
  "p": 0.1496136050832843,
  "n": 560
 },
 "gpt-neox-20b_L33_RG": {
  "rho_dose_drop_g2": 0.031770341713394934,
  "p": 0.48021793060358364,
  "n": 496
 },
 "gpt2-xl_L24_RG": {
  "rho_dose_drop_g2": -0.35228235898382104,
  "p": 1.0689574700952384e-16,
  "n": 522
 },
 "gpt2-xl_L36_RG": {
  "rho_dose_drop_g2": -0.3914888041252189,
  "p": 2.0242535470532462e-17,
  "n": 436
 }
}