{
 "experiment": "RG_gain_holdout",
 "created": "2026-07-16",
 "provenance": {
  "gain_law": "results/merging/RG_gain_law_20260715.json",
  "bundles": [
   "results/merging/Llama-3.1-8B_L24_RG",
   "results/merging/Llama-3.2-1B_L12_RG",
   "results/merging/Llama-3.2-1B_L14_RG",
   "results/merging/Llama-3.2-1B_L8_RG",
   "results/merging/Llama-3.2-3B_L21_RG",
   "results/merging/Mistral-7B-v0.3_L24_RG",
   "results/merging/Mistral-Nemo-Base-2407_L30_RG",
   "results/merging/Phi-3.5-mini_L16_RG",
   "results/merging/Phi-3.5-mini_L24_RG",
   "results/merging/Qwen2.5-1.5B_L14_RG",
   "results/merging/Qwen2.5-1.5B_L21_RG",
   "results/merging/Qwen2.5-1.5B_L24_RG",
   "results/merging/Qwen2.5-14B_L36_RG",
   "results/merging/Qwen2.5-3B_L18_RG",
   "results/merging/Qwen2.5-3B_L27_RG",
   "results/merging/Qwen2.5-7B_L21_RG",
   "results/merging/gemma-2-2b_L13_RG",
   "results/merging/gemma-2-2b_L19_RG",
   "results/merging/gemma-2-9b_L31_RG",
   "results/merging/gpt-neox-20b_L33_RG",
   "results/merging/gpt2-xl_L24_RG",
   "results/merging/gpt2-xl_L36_RG"
  ],
  "split": "random disjoint halves of pooled positive-dose obs, seed 20260716"
 },
 "orderings": {
  "full_pooled (frozen headline)": {
   "rho": -0.821569734613213,
   "p": 2.7632633717091683e-06
  },
  "heldout_split (gain half A vs frac half B)": {
   "rho": -0.8125352907961604,
   "p": 4.350566989878629e-06
  },
  "fixed_g2_outcome (gain pooled vs frac at g=2)": {
   "rho": -0.8080180688876343,
   "p": 5.41046331450163e-06
  },
  "fixed_g2_both (gain at g=2 vs frac at g=2)": {
   "rho": -0.7571993224167138,
   "p": 4.5060372025572165e-05
  }
 },
 "cells": {
  "Llama-3.1-8B_L24_RG": {
   "gain_full": 22.206898420868864,
   "frac_full": 0.12692050768203073,
   "gain_halfA": 22.59589584274616,
   "frac_halfB": 0.1295925183700735,
   "gain_g2": 19.056939805075505,
   "frac_g2": 0.27,
   "gain_ci95": [
    21.465167415443617,
    23.017957691103668
   ],
   "frac_ci95": [
    0.11489645958583834,
    0.13861055444221776
   ],
   "n_obs_posdose": 2994
  },
  "Llama-3.2-1B_L12_RG": {
   "gain_full": 27.206844075064254,
   "frac_full": 0.025035260930888575,
   "gain_halfA": 27.231124762844928,
   "frac_halfB": 0.02468265162200282,
   "gain_g2": 34.39823974737898,
   "frac_g2": 0.08181818181818182,
   "gain_ci95": [
    26.17793595515776,
    28.20625618122407
   ],
   "frac_ci95": [
    0.01938469675599436,
    0.031029619181946404
   ],
   "n_obs_posdose": 2836
  },
  "Llama-3.2-1B_L14_RG": {
   "gain_full": 28.66479869248116,
   "frac_full": 0.013333333333333334,
   "gain_halfA": 28.395692734129952,
   "frac_halfB": 0.016755521706016754,
   "gain_g2": 37.02723507866997,
   "frac_g2": 0.0471311475409836,
   "gain_ci95": [
    27.450106652095855,
    29.758856326552085
   ],
   "frac_ci95": [
    0.009142857142857144,
    0.017523809523809525
   ],
   "n_obs_posdose": 2625
  },
  "Llama-3.2-1B_L8_RG": {
   "gain_full": 64.52415184305896,
   "frac_full": 0.04072565716401333,
   "gain_halfA": 65.08794434116288,
   "frac_halfB": 0.03478904515173945,
   "gain_g2": 75.11189544741737,
   "frac_g2": 0.1371308016877637,
   "gain_ci95": [
    61.92657979739306,
    67.63579513200335
   ],
   "frac_ci95": [
    0.03332099222510181,
    0.048130322102924845
   ],
   "n_obs_posdose": 2701
  },
  "Llama-3.2-3B_L21_RG": {
   "gain_full": 32.010880908342735,
   "frac_full": 0.022066198595787363,
   "gain_halfA": 32.41094846627627,
   "frac_halfB": 0.029411764705882353,
   "gain_g2": 29.014146734379793,
   "frac_g2": 0.07692307692307693,
   "gain_ci95": [
    31.245053069333252,
    32.94542688590078
   ],
   "frac_ci95": [
    0.017051153460381142,
    0.02774991641591441
   ],
   "n_obs_posdose": 2991
  },
  "Mistral-7B-v0.3_L24_RG": {
   "gain_full": 28.2951001765581,
   "frac_full": 0.2781044621238326,
   "gain_halfA": 27.783319535303868,
   "frac_halfB": 0.2863070539419087,
   "gain_g2": 32.20249776641137,
   "frac_g2": 0.38661710037174724,
   "gain_ci95": [
    27.253692433386714,
    29.95945085233381
   ],
   "frac_ci95": [
    0.2621930127983397,
    0.29367001037703216
   ],
   "n_obs_posdose": 2891
  },
  "Mistral-Nemo-Base-2407_L30_RG": {
   "gain_full": 10.686709711908764,
   "frac_full": 0.423296408190668,
   "gain_halfA": 10.803301999925326,
   "frac_halfB": 0.44161073825503355,
   "gain_g2": 13.367608528133289,
   "frac_g2": 0.5808080808080808,
   "gain_ci95": [
    10.22664322359626,
    11.206919479613848
   ],
   "frac_ci95": [
    0.40449815374286674,
    0.44142329640819067
   ],
   "n_obs_posdose": 2979
  },
  "Phi-3.5-mini_L16_RG": {
   "gain_full": 16.927127220984683,
   "frac_full": 0.2510026737967914,
   "gain_halfA": 16.601756368690214,
   "frac_halfB": 0.23596256684491979,
   "gain_g2": 22.7124976605015,
   "frac_g2": 0.27759197324414714,
   "gain_ci95": [
    15.786048167964957,
    17.74765460320602
   ],
   "frac_ci95": [
    0.23528576203208557,
    0.26704545454545453
   ],
   "n_obs_posdose": 2992
  },
  "Phi-3.5-mini_L24_RG": {
   "gain_full": 1.8667565497807224,
   "frac_full": 0.5560925094925785,
   "gain_halfA": 1.839526604192983,
   "frac_halfB": 0.5479641131815045,
   "gain_g2": 2.205919263990933,
   "frac_g2": 0.6996402877697842,
   "gain_ci95": [
    1.7406731834023665,
    2.0014226855683295
   ],
   "frac_ci95": [
    0.5377890921643079,
    0.5740507421470487
   ],
   "n_obs_posdose": 2897
  },
  "Qwen2.5-1.5B_L14_RG": {
   "gain_full": 28.148678069312652,
   "frac_full": 0.24244505494505494,
   "gain_halfA": 28.04575765338011,
   "frac_halfB": 0.24862637362637363,
   "gain_g2": 34.58079909210727,
   "frac_g2": 0.3844765342960289,
   "gain_ci95": [
    26.845341112908983,
    29.638422832847397
   ],
   "frac_ci95": [
    0.22699175824175824,
    0.25825034340659336
   ],
   "n_obs_posdose": 2912
  },
  "Qwen2.5-1.5B_L21_RG": {
   "gain_full": 3.2988666438356655,
   "frac_full": 0.41967337637675656,
   "gain_halfA": 3.314952648777255,
   "frac_halfB": 0.425208807896735,
   "gain_g2": 3.8914983167832866,
   "frac_g2": 0.634453781512605,
   "gain_ci95": [
    3.0790765016186348,
    3.463885098087321
   ],
   "frac_ci95": [
    0.40068363083934677,
    0.43866312191416634
   ],
   "n_obs_posdose": 2633
  },
  "Qwen2.5-1.5B_L24_RG": {
   "gain_full": 1.1100636305140297,
   "frac_full": 0.4709851551956815,
   "gain_halfA": 1.1714719308406112,
   "frac_halfB": 0.460431654676259,
   "gain_g2": 1.2156261516901017,
   "frac_g2": 0.6464646464646465,
   "gain_ci95": [
    1.0151823095997996,
    1.2229248586274228
   ],
   "frac_ci95": [
    0.4502923976608187,
    0.4925775978407557
   ],
   "n_obs_posdose": 2223
  },
  "Qwen2.5-14B_L36_RG": {
   "gain_full": 3.1020422374331567,
   "frac_full": 0.8362939742250087,
   "gain_halfA": 3.0378482536144213,
   "frac_halfB": 0.841225626740947,
   "gain_g2": 4.9796484648228745,
   "frac_g2": 0.8618181818181818,
   "gain_ci95": [
    2.9481055785467185,
    3.2473917601129565
   ],
   "frac_ci95": [
    0.8223615464994776,
    0.8502351097178683
   ],
   "n_obs_posdose": 2871
  },
  "Qwen2.5-3B_L18_RG": {
   "gain_full": 37.24048132691121,
   "frac_full": 0.3323943661971831,
   "gain_halfA": 36.50999192585555,
   "frac_halfB": 0.323943661971831,
   "gain_g2": 44.68372725499728,
   "frac_g2": 0.45610687022900764,
   "gain_ci95": [
    35.021921361265896,
    39.34387365627509
   ],
   "frac_ci95": [
    0.31514084507042256,
    0.3492957746478873
   ],
   "n_obs_posdose": 2840
  },
  "Qwen2.5-3B_L27_RG": {
   "gain_full": 3.6247652365278036,
   "frac_full": 0.42982752789989853,
   "gain_halfA": 3.60671443547234,
   "frac_halfB": 0.42866801893171064,
   "gain_g2": 4.5474070536316145,
   "frac_g2": 0.636986301369863,
   "gain_ci95": [
    3.490078470714801,
    3.810110997035191
   ],
   "frac_ci95": [
    0.4122421373013189,
    0.447074737910044
   ],
   "n_obs_posdose": 2957
  },
  "Qwen2.5-7B_L21_RG": {
   "gain_full": 3.4510996604619373,
   "frac_full": 0.34878963518581657,
   "gain_halfA": 3.472303440618736,