{
 "common_band": [
  0.04869023978102188,
  0.18666055482126193
 ],
 "per_cell_response_in_band": {
  "Llama-3.1-8B_L24_RG": 20.623259160099288,
  "Llama-3.2-1B_L12_RG": 35.931783524427324,
  "Llama-3.2-1B_L14_RG": 45.31606390217494,
  "Llama-3.2-1B_L8_RG": 73.27200495228108,
  "Llama-3.2-3B_L21_RG": 34.117525991768545,
  "Mistral-7B-v0.3_L24_RG": 24.006543077538712,
  "Mistral-Nemo-Base-2407_L30_RG": 8.865479403393056,
  "Phi-3.5-mini_L16_RG": 17.336062679156946,
  "Phi-3.5-mini_L24_RG": 2.133034551125978,
  "Qwen2.5-1.5B_L14_RG": 26.25921821545106,
  "Qwen2.5-1.5B_L21_RG": 2.808381056919329,
  "Qwen2.5-1.5B_L24_RG": 1.7051304313910316,
  "Qwen2.5-14B_L36_RG": 3.379786796309648,
  "Qwen2.5-3B_L18_RG": 31.883821151369382,
  "Qwen2.5-3B_L27_RG": 3.2005806323909756,
  "Qwen2.5-7B_L21_RG": 3.2473579712708807,
  "gemma-2-2b_L13_RG": 24.703447339047578,
  "gemma-2-2b_L19_RG": 17.627150691222685,
  "gemma-2-9b_L31_RG": 19.046204372335033,
  "gpt-neox-20b_L33_RG": 0.09635670915568845,
  "gpt2-xl_L24_RG": 3.5796148029225474,
  "gpt2-xl_L36_RG": 0.9101620605601549
 },
 "max_pairwise_matched_dose_ratio": 613.928096899352,
 "max_pair": {
  "cells": [
   "Llama-3.2-1B_L8_RG",
   "gpt-neox-20b_L33_RG"
  ],
  "band": [
   0.011467904896731681,
   0.3887767456128808
  ],
  "n_obs": [
   2161,
   1893
  ]
 }
}